<?xml version="1.0" encoding="UTF-8"?>
<beans xmlns="http://www.springframework.org/schema/beans"
	xmlns:xsi="http://www.w3.org/2001/XMLSchema-instance" xmlns:p="http://www.springframework.org/schema/p"
	xmlns:context="http://www.springframework.org/schema/context"
	xmlns:mvc="http://www.springframework.org/schema/mvc"
	xsi:schemaLocation="http://www.springframework.org/schema/beans http://www.springframework.org/schema/beans/spring-beans.xsd
        http://www.springframework.org/schema/mvc http://www.springframework.org/schema/mvc/spring-mvc-4.0.xsd
        http://www.springframework.org/schema/context http://www.springframework.org/schema/context/spring-context.xsd">

	<!-- MVC注解驱动 -->
	<mvc:annotation-driven>
		<!-- 采用自定义方案 -->
		<mvc:message-converters>
			<!-- 定义json转化器，支持json跨域 -->
			<bean class="com.jt.common.spring.exetend.jackson.CallbackMappingJackson2HttpMessageConverter">
				<!-- 跨域请求中的请求参数名 -->
				<property name="callbackName" value="callback"></property>
			</bean>
		</mvc:message-converters>
	</mvc:annotation-driven>

	<!-- 配置扫描器，使得@Controller注解生效 -->
	<context:component-scan base-package="com.jt.manage.controller" />

	<!-- 定义视图解析器 -->
	<!-- prefix="/WEB-INF/jsp/", suffix=".jsp", viewname="test" -> "/WEB-INF/jsp/test.jsp" -->
	<bean
		class="org.springframework.web.servlet.view.InternalResourceViewResolver">
		<!-- 前缀 -->
		<property name="prefix" value="/WEB-INF/views/" />
		<!-- 后缀 -->
		<property name="suffix" value=".jsp" />
	</bean>

	<!-- 处理静态资源被“/”所拦截的问题 -->
	<mvc:default-servlet-handler />

	<!-- 定义文件上传解析器 -->
	<bean id="multipartResolver"
		class="org.springframework.web.multipart.commons.CommonsMultipartResolver">
		<!-- 设定默认编码 -->
		<property name="defaultEncoding" value="UTF-8"></property>
		<!-- 设定文件上传的最大值5MB，5*1024*1024 -->
		<property name="maxUploadSize" value="5242880"></property>
	</bean>
</beans>